{"cameraMode":{"drawMode":0,"name":"Shaded","section":"Shading Mode"},"sceneLighting":true,"audioPlay":false,"sceneViewState":{"showFog":true,"showMaterialUpdate":true,"showSkybox":true,"showFlares":true,"showImageEffects":true,"showParticleSystems":true},"in2DMode":false,"pivot":{"x":-2.1918020248413088,"y":-0.2925351560115814,"z":2.711275100708008},"rotation":{"x":0.11661826819181442,"y":-0.16310125589370728,"z":0.019417287781834604,"w":0.9795054197311401},"size":3.64742374420166,"orthographic":false}